subj_counter_global,PreNegRe,PreNegRT,PreNeuRe,PreNeuRT,PrePosRe,PrePosRT,PasNegRe,PasNegRT,PasNeuRe,PasNeuRT,PasPosRe,PasPosRT,OthNegRe,OthNegRT,OthNeuRe,OthNeuRT,OthPosRe,OthPosRT
1,2,1689,2.57142857142857,3510.71428571429,3,3610,2,1930.5,2.66666666666667,1148.33333333333,3.5,3386.66666666667,2.16666666666667,2885.33333333333,3,2288.4,3,3212.5
2,2,26119,2.5,2696.16666666667,3.57142857142857,1966.14285714286,2,2814.83333333333,2.16666666666667,2214.66666666667,3,2298,1.42857142857143,2415.28571428571,2.66666666666667,2315.33333333333,3.2,3551.2
5,2,16135,3,21748.1666666667,3.14285714285714,21577.8571428571,2.5,24843.25,3,18012.6666666667,4,26657.5,2.6,28219,3.33333333333333,19296.5,3.75,16065
10,2.4,12666.6,3.8,6565.4,3,7323.2,2.25,6599.25,3.33333333333333,9722.33333333333,3.5,6679.875,2,5432.16666666667,3.42857142857143,8121.57142857143,5,5592.5
13,2.42857142857143,6523.42857142857,3.5,5255.25,3,8360.75,2.66666666666667,10971.3333333333,3.16666666666667,4537.66666666667,4,9386.33333333333,2,4527.2,2.6,5059.6,4.2,4817.4
14,2.25,11946,3.2,6590.8,3.16666666666667,4416,3.83333333333333,12324.8333333333,3.25,5328,4,5768.2,2.8,10744.6,4.16666666666667,6992.33333333333,4,4915.25
15,2.5,7721,2.8,5186.4,4.5,4373.625,1.55555555555556,4668.55555555556,2.25,3521.5,3.5,5734,1,2406.75,3.16666666666667,4527.16666666667,4.4,4019.6
17,1.44444444444444,3514,4.33333333333333,11826.3333333333,4,3218.66666666667,1.75,5643.75,3.2,3625.4,2.33333333333333,11950.8333333333,2.5,4021.5,3.42857142857143,6127.71428571429,3.83333333333333,2928.83333333333
19,1.6,4385.2,2.14285714285714,5076.42857142857,4,3418.66666666667,1.8,5235.2,3,3646.6,3.4,4328.2,1.2,3817.4,3,2816.33333333333,3.14285714285714,5734.14285714286
21,2.75,5617.5,4.16666666666667,3772.16666666667,3.6,5658.8,2.4,7239,4.4,4009.8,3.4,5960.2,1.83333333333333,3960,3,9158.5,2.6,3120.6
22,2.125,16795.5,4.4,13110.4,3,6481.5,1.33333333333333,18900,2.75,19618.875,4.5,6778.75,2.25,38746.25,2,13926.5,4.33333333333333,9152.55555555555
23,3.16666666666667,6090.66666666667,3,4091.75,4,3957,3.16666666666667,6284.33333333333,1.75,4044.5,2.2,4002,2,6720.33333333333,3,3890.42857142857,4.2,2771.8
27,2.14285714285714,3138.14285714286,2.6,2604.8,3.66666666666667,2116,4,2933.5,3.14285714285714,1878.71428571429,2.5,2600.5,1.33333333333333,2988.16666666667,3,2040,3.5,1998.33333333333
29,2,11399.75,2.83333333333333,16367.8333333333,4,10223.2,2.875,12254.125,2,7585,3.16666666666667,9358.5,1,8967.33333333333,2.625,10199.625,4.25,13173.75
31,1.57142857142857,10114.7142857143,1.66666666666667,4120.66666666667,4,4759.4,2,14910.3333333333,2,6381.5,2.5,4686.83333333333,1,3940.4,1,5075,4.75,11869.5
38,2.83333333333333,8706.5,3,5440.33333333333,3.16666666666667,4650,1.75,6248.75,3.2,7805,4,6209.83333333333,1.2,4362.6,3.57142857142857,4391,5,5191
43,2,4310.5,1.66666666666667,2868,4.16666666666667,2818.16666666667,2.5,5597.5,2.42857142857143,3448.85714285714,3.16666666666667,9875,3,3155.85714285714,1.4,4283.6,2.66666666666667,3323.66666666667
49,1.33333333333333,13922,3.33333333333333,12487.1666666667,3.5,9923.66666666667,2.4,13417,3.2,11129.6,3.2,9347.8,1.42857142857143,9200.71428571429,2.75,8397.25,4,10281.75
52,2.5,3619.83333333333,2.875,3705.375,3,3512,2.6,3264.8,4.66666666666667,3041,4.28571428571429,3699.85714285714,3,4165,3.75,3935.75,3.85714285714286,3552.71428571429
57,2.75,19464.5,4,9966.33333333333,3,13300.2,2.66666666666667,7868.66666666667,5,10228.25,4.8,8766.4,2,10724.6,3.6,8627.8,3.4,7085.6
61,2,7593.83333333333,2.5,12393.5,2.6,8754.6,4,23760,4.2,10014.2,3.16666666666667,7286.66666666667,1.2,4308.6,2.16666666666667,3544.83333333333,4,7066.5
66,1.5,2344.5,2,2070.5,3.4,2619.8,2.5,2079.75,2.6,1986,2.33333333333333,2523.16666666667,2,2190.57142857143,2.5,1671.5,3.75,1464.25
73,2,3916,2.5,3835.66666666667,3.33333333333333,2618,2.14285714285714,4052.85714285714,2.25,4231.5,3,3960.75,1.2,2745.4,2.2,3054.2,3.8,2512.4
75,2.25,5397.5,3.5,10173,2.42857142857143,4889.28571428571,3.5,4784.83333333333,3.4,4312.4,3,5932.25,2,4755.2,3.5,3159.33333333333,2.75,3552
76,2,2727.5,2.8,3564.4,3,3057.375,2.83333333333333,4055.33333333333,3.4,4179.2,3,3539,1.85714285714286,3098.57142857143,2.2,2064.8,3.66666666666667,2627.33333333333
77,1.2,2974.2,3.6,6922.6,4.2,2706.4,3.375,6227.25,1.66666666666667,9512.33333333333,2.5,3414.5,2,2506.5,2.57142857142857,4085.71428571429,4.33333333333333,2641.16666666667
82,2,2569.33333333333,2.4,2055.2,4.5,1649,2.8,2120.6,2.4,2684.8,3.2,1939,1.25,3422.5,3,1939,4.66666666666667,1287.5
85,2.33333333333333,2996,3.4,2209.2,2.57142857142857,2597.42857142857,3.28571428571429,3226.57142857143,3,4093,3,3476.33333333333,1.6,2837.4,3.2,2941.8,4,1836.6
86,2.75,2924.25,2.33333333333333,2696.33333333333,2.75,2092.5,1,3489,2.125,2465.5,1,1801.83333333333,1.66666666666667,2340.83333333333,2.5,1909,4.2,1780.4
90,3.14285714285714,2819,3.4,2259.2,2.66666666666667,2166.66666666667,2,3251.4,1,2350.5,3,3023.75,1,2181.66666666667,4.25,3225.5,4.25,2389.25
91,2,5409.83333333333,3,2775.33333333333,3.5,3605.33333333333,1.66666666666667,5235.66666666667,2.875,2833.625,3.75,5272.75,1.5,2481.83333333333,2,2639.75,3.8,2549.6
93,4,8978,2.33333333333333,12224.1666666667,3,4647,1.625,10406.125,3,11502,3.75,8946.75,2,9370,4.16666666666667,12718.6666666667,4,9635.75
103,1,3472.8,3,3528,3.85714285714286,3004.42857142857,1.75,3359.5,2.6,3271,3.66666666666667,3295.66666666667,1,2334,2.28571428571429,3322.71428571429,4,2547
104,1.75,3734.25,2,5416.33333333333,3.625,3875.375,2,4090.42857142857,3,4309.83333333333,3,3897.5,2,3875.5,2.83333333333333,3507.83333333333,3.6,3383.8
107,2.25,3053.75,3,2137.2,3.16666666666667,2266.5,2.14285714285714,4405.57142857143,3.6,2918.2,2.33333333333333,2558.66666666667,1.25,4231,1.8,2461.8,3.5,3155.83333333333
109,1,5295.5,4,6949,3.16666666666667,5303.16666666667,4.33333333333333,9460,3.71428571428571,5421.28571428571,2.4,4984.2,1.25,7332.5,2.28571428571429,6193.14285714286,2.75,6625
112,4,5364.66666666667,2.5,5482.5,2.6,4334.8,4.66666666666667,5848.66666666667,3.33333333333333,5284.83333333333,1.66666666666667,3778.16666666667,3.16666666666667,6725,3.4,3006.2,3.25,4600
116,2.33333333333333,8417.66666666667,3,8012,3.16666666666667,8189.5,3.33333333333333,7480.33333333333,2.66666666666667,9584.5,3,8897.66666666667,2.33333333333333,6031.66666666667,2.83333333333333,16003.5,4,10308.6666666667
117,3,7838.6,3.2,7478,4.2,6336,3.5,10431,3,19452.8,1.5,7249.75,1.5,6908.5,4.4,7651,4.16666666666667,6552.83333333333
121,5,3944,3.75,6319,3.2,6014.6,1.57142857142857,7058.28571428571,3,7209.4,1.33333333333333,5184,2.83333333333333,8829.16666666667,3.5,6899.5,3,6927.85714285714
123,2.25,21760.25,3.16666666666667,18929.6666666667,4.2,10183,2,10642.4,4,10666,4,15988.6666666667,2.16666666666667,20409.8333333333,4,7303.8,3.75,12659
124,1,2721.2,2.33333333333333,3802.5,4,2343,2,3594.4,3.2,3661.2,3.6,2719.2,2.6,3115,3,1860,3.16666666666667,3798.66666666667
129,1.4,4591,3.6,7672.8,4,7282.4,1,4474.4,3.25,4773,4.66666666666667,4583.16666666667,1,4107.8,2.83333333333333,4277.5,3.75,5417
130,3,3400.25,3.14285714285714,4364.85714285714,3.5,4052.5,3.5,4334,3.2,4940,2.16666666666667,3572.66666666667,1.71428571428571,3732.71428571429,2.66666666666667,3295.33333333333,3.4,2952.8
131,1.6,2642,3,2241.33333333333,3.57142857142857,3140.71428571429,2.4,4475,4.5,4062.5,3.66666666666667,4124.66666666667,1.4,2448.6,3.25,2460.75,4,2123
132,1.57142857142857,3111.42857142857,3,3160.5,3.5,4255,2.5,3799.66666666667,3,4796.5,3.4,5745.2,1,1807,3.4,5502,4.625,8802.5
133,4.33333333333333,9694.33333333333,3.375,5174.875,2.75,8155.75,3.71428571428571,10555.7142857143,3.5,2501,1.75,3189.25,1.4,7788.6,2.66666666666667,9459.66666666667,4.14285714285714,11915.4285714286
135,1.4,4317,2.8,4071,4,3864.4,1.28571428571429,4283,2.4,5295.2,2.66666666666667,3589.66666666667,2.66666666666667,3641.66666666667,2.2,3155.6,2.28571428571429,3516
139,1.28571428571429,2670.14285714286,2.2,2363.2,4.33333333333333,1787.33333333333,1.5,1577,2.83333333333333,1640.16666666667,3.14285714285714,1918,1.33333333333333,1808.5,2.5,2017.75,3.2,1922.2
142,2.25,6695,2.8,5513.6,3.33333333333333,4797.66666666667,2.75,8397.25,3.5,4800.33333333333,2.2,5866,1.28571428571429,5049.71428571429,4.5,4486.75,4.5,5006.5
144,4.5,1958.25,2.66666666666667,1821.66666666667,1.4,1345.4,4.14285714285714,1587.14285714286,4,1679,2.8,1629.6,1,2030.25,2,2871.66666666667,4.2,1669.4
146,2.66666666666667,9830.33333333333,3.42857142857143,7511.28571428571,3.8,7956.4,2,11952.2,3.66666666666667,5395.16666666667,3.75,10552.5,1.85714285714286,5014.42857142857,2,4213,3.33333333333333,5504.66666666667
149,2,3823.2,2.5,3096.75,4.16666666666667,3174.16666666667,2.25,4204,3.66666666666667,2891.5,3.2,3058.4,2.33333333333333,3170.33333333333,2.2,2622,4,2949.75
150,1.33333333333333,5125.33333333333,3,4669.75,3.75,6305,2.28571428571429,5388.85714285714,4,4636,3.5,4475,2.8,8124,2.4,3519.4,3.2,3010
153,1.85714285714286,2524.42857142857,3.66666666666667,2916.33333333333,4.8,1763.6,2.66666666666667,2574.16666666667,4.2,2925,4,2834,2,2016.5,2.71428571428571,2205,4.16666666666667,2493
155,1.8,2893.8,3.57142857142857,3684.14285714286,3.66666666666667,2670.33333333333,4.33333333333333,3109.66666666667,2.75,2335.25,2.8,2574.2,1.75,2916.75,3.5,3366.25,4.14285714285714,2493.42857142857
160,3.33333333333333,3681.16666666667,1.5,4201.5,2.85714285714286,4894.14285714286,1.66666666666667,3095.66666666667,3.28571428571429,5455.14285714286,3.6,5056.2,1.5,3890.66666666667,2.66666666666667,5032.33333333333,4,3673.33333333333
161,2,4529.66666666667,1.85714285714286,7991.42857142857,4.5,2004,2.33333333333333,4048,3.66666666666667,3992.66666666667,3.66666666666667,21265.6666666667,1.83333333333333,3547.5,2.6,3948.4,2,3471
163,2.6,5052.8,3.5,6526.5,4.66666666666667,3384.33333333333,3.8,5293.8,3,4295,3.25,5979,2,5690,3.2,5049.2,4.2,3578.2
170,1.42857142857143,4161.71428571429,2.5,4231.5,3.16666666666667,4310.5,1.8,4675.8,3.16666666666667,3872.33333333333,2.75,4458.75,2,3927,1.28571428571429,3233.57142857143,3.6,3955.6
171,2.4,10485.4,2.66666666666667,30999.3333333333,3.75,22422.5,1.33333333333333,37508,2.16666666666667,29328.1666666667,3.16666666666667,16902.1666666667,1.57142857142857,5042.85714285714,2.66666666666667,6387,3.4,24101.6
173,1.75,4001.75,3,2404.75,4.28571428571429,2959.14285714286,2,3014.33333333333,3.2,2953.6,3.75,3545.5,1.4,4258,3,2538.66666666667,4.25,2523.75
175,2.5,6750.16666666667,3.75,3843.5,3.8,8807.4,2.2,6233.6,3.33333333333333,17436.5,3.5,4115.25,2,4459.5,3.2,3172.6,3.66666666666667,4981.16666666667
177,3.25,3358.25,3,3940,2.16666666666667,2007.66666666667,1.83333333333333,3841.66666666667,3.4,2800,3.25,2865.25,1.2,2188.8,2.8,2579.8,4,1973
181,1.75,7120.25,3.4,8909.4,4.33333333333333,8688.16666666667,3.4,8114.4,3.57142857142857,4918.57142857143,4,8816.66666666667,3.16666666666667,8597.33333333333,4,7598.66666666667,3.16666666666667,5486.83333333333
183,2.75,8492,2.42857142857143,4793.14285714286,3.25,4549.5,2.25,5329,3.6,4330.2,2.5,6864.33333333333,1.28571428571429,3961.57142857143,2.66666666666667,3931.33333333333,3.2,5606.2
185,2,2479.66666666667,3.85714285714286,3974,4.6,3339.4,2.66666666666667,3248.22222222222,3.33333333333333,2988.66666666667,3.66666666666667,2108.33333333333,2.33333333333333,3053.33333333333,3.8,4767.2,3.42857142857143,1940
186,1.5,1538,2,6021.33333333333,2.83333333333333,36027.5,1.8,3997.2,2.42857142857143,153298.714285714,3.66666666666667,2219.33333333333,2.25,1316,1.4,1797.6,2.66666666666667,1777.5
187,1.75,7936.75,2.71428571428571,6691.28571428571,4.5,3987.25,2.4,12233.4,3.75,4773.75,3.16666666666667,8694.33333333333,1.16666666666667,5714,2.5,5199.5,2.8,6379.4
188,2,7168,3.85714285714286,6767.14285714286,2.5,6129.83333333333,2.5,7965.66666666667,3.33333333333333,6519.33333333333,4,7226.5,1.28571428571429,6381.42857142857,2.8,7340,4,4781
191,2.6,29273.2,3.5,18817.5,2.75,23275,1,10287.3333333333,3.6,39339.8,3.85714285714286,11014,1.71428571428571,10197,3.25,22736.25,4.5,4925.5
193,1.5,5287.875,3,5150.75,4,25164,3.5,11949.5,3.2,5389.4,2.75,5834.375,1,5254.8,2.33333333333333,11946.1666666667,4.25,5047.5
195,3.66666666666667,5057.66666666667,2.16666666666667,4043.33333333333,2.66666666666667,4503.33333333333,2.4,4961.8,3,5248.5,3.5,4333.5,1.75,4288.75,3.4,4105.8,4.5,3617.16666666667
197,1.33333333333333,8074.83333333333,2.66666666666667,18016.3333333333,4.66666666666667,7694.16666666667,1.33333333333333,12787.6666666667,3.5,6994.875,4,10613.25,2.33333333333333,12215.8333333333,2.75,8143.25,3.2,6214.4
198,2.33333333333333,4976.5,3.25,3512.5,3.8,3508,2.6,3846.2,4,3089.5,3.625,3114.25,1,3126,2,3081.55555555556,4,2124.5
199,2,4427.8,2.85714285714286,4879,3.66666666666667,5308.66666666667,1.25,4421.25,3.16666666666667,6134,3.6,5143.2,2.16666666666667,5251.5,4,3929.5,4.28571428571429,4302.85714285714
201,1,6770.83333333333,2.5,3702.75,4.6,4125.4,2.5,5601.66666666667,4.5,4357.5,1.85714285714286,5773.28571428571,1,8022,1.77777777777778,3420.77777777778,3,7108.66666666667
202,1.33333333333333,3413,2.66666666666667,5354.66666666667,4.22222222222222,4262,2.2,7275.8,3.28571428571429,5422.85714285714,4.33333333333333,3469.66666666667,1,3384.42857142857,3,4216.8,4.33333333333333,3079.66666666667
205,2.33333333333333,5070.83333333333,2.25,7424,3,9305.2,2.6,6745.4,2.25,4782,3.83333333333333,4622.5,1.75,6195.75,2.71428571428571,5851.14285714286,4.25,6853.75
207,1,4242,1.83333333333333,3240.33333333333,3.8,3181.4,2.375,6130,4.33333333333333,2740,2.75,2536,1.33333333333333,3930,1.66666666666667,2458.16666666667,3.16666666666667,2448.16666666667
208,2.625,5381.25,2.66666666666667,4213.33333333333,3.75,3728.5,4.2,4217.2,2.4,3448.8,1.2,4938.6,2,3403,1.42857142857143,2916.28571428571,3.5,3433.16666666667
209,3,3872.16666666667,3.25,2749.75,3.8,3537,3.4,4437,2.75,3926.5,1.66666666666667,4055.66666666667,3.25,4029.75,3.28571428571429,2627.85714285714,2.75,3926.75
210,2.75,3098.5,3.66666666666667,4783.33333333333,3.8,3244.8,1.83333333333333,3772.83333333333,3.75,3118.5,4.4,3246,2.6,4371.4,2.4,2086.4,3.4,1847.8
211,3.33333333333333,4217.33333333333,3.83333333333333,3245,4,2970,4,3664.8,2.2,4775.8,2,4148.4,1.14285714285714,2804,3,2448.5,3.75,2668.25
212,1.33333333333333,3569.33333333333,2.5,5585.33333333333,3.66666666666667,4519.33333333333,1.42857142857143,8156.71428571429,2.33333333333333,6972.66666666667,4,2856.6,1,6125,2.33333333333333,4901.16666666667,3.57142857142857,2460.71428571429
213,2,3983.5,3.4,5007.4,4,2765.5,1.75,4407,3.75,3561.5,3.71428571428571,2955.14285714286,1.8,3979.8,3,4278.33333333333,3.75,2583.5
215,2,3891,3.125,3037.375,4,2391.6,2.5,2034.5,2.75,3324.25,4,3214.71428571429,1.88888888888889,3156,2.66666666666667,3027.66666666667,4,2751.66666666667
218,1.75,6348.5,2.11111111111111,4737.11111111111,5,3229,2.66666666666667,5627.66666666667,2.33333333333333,3753.33333333333,3.16666666666667,5009.83333333333,1.4,4525.6,3,2531,3.57142857142857,3567.71428571429
219,1,3082.375,1.5,2595,3.8,2805.4,1.2,2823.6,1.83333333333333,4262.5,3.5,3658.75,2.5,3381.5,2.28571428571429,4891.57142857143,3.5,3983.83333333333
220,1.75,3403.25,3,3813.57142857143,3.75,2739.25,3.25,4953.25,2.5,3434,2.57142857142857,5457.42857142857,2.42857142857143,3721.71428571429,3.75,2103.5,3.25,3293.25
221,1.33333333333333,11214.6666666667,3,5600.14285714286,3.2,6867.2,2.33333333333333,6656.16666666667,1.66666666666667,6549.66666666667,2.33333333333333,5498,1.83333333333333,7244.83333333333,3.5,5639.5,4.28571428571429,4588.28571428571
223,1.33333333333333,6221.33333333333,2,11825,2.83333333333333,12508.8333333333,3,6040.66666666667,2.5,5793.5,2.6,7203,1.5,3990.83333333333,3.2,4973.2,4,3416
225,1.75,2007.5,3.33333333333333,1649.66666666667,3.75,1465.875,3,2498.8,3.28571428571429,1796.14285714286,3.33333333333333,1648,2,1751.5,2.2,1911,3.75,1797.75
227,3.42857142857143,9683.71428571429,2.8,4934,2.33333333333333,8156.33333333333,1.75,5176.75,3.66666666666667,2659.33333333333,3.125,8285.375,2.25,3092.5,2.85714285714286,10800.2857142857,4,2342
228,1.25,5364.25,3,6349.28571428571,4.25,5713.5,1.66666666666667,8799.33333333333,2.5,6500,3.8,4481.4,1,4035.6,2.5,5404.25,3.66666666666667,5953.5
229,1.75,2678.25,3.625,3284,4.33333333333333,2299.66666666667,3.14285714285714,4333.57142857143,2.33333333333333,4555.66666666667,3,4037.4,2,4996.25,3,2977.75,4.57142857142857,2778.28571428571
230,1,3020.71428571429,2.5,2870,3.5,3557.5,2.83333333333333,3397.83333333333,4,3234.33333333333,4,2718.66666666667,2,2970,2.85714285714286,3311.57142857143,3.5,2410.5
231,2,3882.42857142857,3.33333333333333,3319.66666666667,4.2,3117.6,3,3621.66666666667,2.375,3037.375,3.25,2733.5,2.2,3643.2,2,3135.75,3.5,3104.33333333333
232,1.71428571428571,12978.7142857143,2,11839.6666666667,3.6,8568.2,2.66666666666667,10213,4,6737.66666666667,3.83333333333333,6253.83333333333,1.6,13107.6,2.33333333333333,5861,3.75,7000.5
235,1.25,1920.75,2.8,2437.8,4.33333333333333,1901.16666666667,2,2719.125,2.5,2571.75,2.33333333333333,2036.33333333333,1.66666666666667,2740,3,4548.66666666667,4.83333333333333,2152.16666666667
237,2.14285714285714,4903.85714285714,3.4,3660,3.66666666666667,5312,1.25,3336.75,2,3173,2.42857142857143,4841.57142857143,2,14736.5,2.16666666666667,5661.5,4,3984.2
239,1.16666666666667,11140,2.6,15858,4.5,17074,1,5970.5,1.66666666666667,10130,4.25,10597.625,2,12046,2.57142857142857,6756.28571428571,3.33333333333333,6429.33333333333
243,1,3291.75,1.83333333333333,3734.66666666667,4,4880.6,1.85714285714286,3504.42857142857,1.66666666666667,4925,2.2,5331.4,2,4617.75,1.5,3153.83333333333,3.2,3148.6
247,2,2194.33333333333,2.8,2171.8,4.14285714285714,1906,3.5,3053.16666666667,2.66666666666667,2910.5,3.33333333333333,1965,1.66666666666667,2037.5,3.75,3719.75,5,2616
255,2.16666666666667,4004.5,4.66666666666667,4514.66666666667,4.33333333333333,9684.33333333333,1.57142857142857,7287.14285714286,3.25,4319.25,3.25,4676.75,2.5,3300,3.4,2647.4,3.75,3316
258,1,3968,2.375,3308.625,4.25,4188.5,1.125,4144.375,2.33333333333333,3734.33333333333,3.25,5515.5,2.25,3891.5,3,3813,3.57142857142857,3068.28571428571
265,1.6,4983.4,3.5,2081,4.375,2709.25,1.5,2315.5,2.90909090909091,3115.36363636364,4,3311.5,2.75,2576.5,2,4060,3,2311.2
271,1.25,3903.375,3,2471.5,3.8,2464.4,1.5,3625,2.71428571428571,2738.14285714286,3.16666666666667,2829.66666666667,1.8,2434.4,2.33333333333333,2384.5,3,3029.25
273,2.16666666666667,3843.33333333333,3,2944,5,3443.25,4.33333333333333,3642,3.4,3736,3.42857142857143,3498.71428571429,1.83333333333333,2864.5,2.4,3185.2,4.25,2444.25
275,2,5641.42857142857,2.66666666666667,4567.66666666667,4,4524.4,1.25,6239.75,4.16666666666667,6383.5,3.2,6493.2,1.25,4951.5,1.83333333333333,5228.66666666667,4.2,4355.6
276,1.8,11118.4,3,7261.4,3.8,6075.8,2,6603.66666666667,3,7765.16666666667,3.66666666666667,8373.66666666667,2,4459.5,2.5,4553.75,3.85714285714286,5917.57142857143
277,1.4,4385,3.6,3985.8,3.4,3122,2.5,3110.5,2.6,4311.6,3.375,9187.75,2.875,4152.5,3,7337.4,4,2170
278,2.8,1665.4,2.8,2046.4,4,3800,1.6,3174.6,2.83333333333333,2044.83333333333,4,2173,1.2,2492.2,3,1166.25,3.5,2386.33333333333
279,2.5,2214.5,3,2719.66666666667,3.5,2263.25,2.25,4719.25,3.75,2842.75,3,4917.14285714286,2,3414.33333333333,4,2267.25,3.25,2731.75
281,1.4,3630.8,4.66666666666667,2680.66666666667,4,3866,3.75,5333.25,3,3163.28571428571,4,4580.5,1.16666666666667,3050.66666666667,3.8,3144.2,5,1235.75
282,3,4890.5,2.75,8573.5,3.4,3515.4,2.5,3821,2.6,4141.8,4,4958.5,2.33333333333333,3573,3.66666666666667,3510.83333333333,4,3211.83333333333
286,1,3806.66666666667,2.4,4948.4,4,4005,1.8,6029.4,3.2,6055.8,3.6,4773.4,1,4755.25,2,4675.2,3.33333333333333,4454.5
287,1.5,3964.25,3.16666666666667,4005,4,3062.8,3.83333333333333,3702.16666666667,2.6,3532.2,2,3553,3.4,3504,3.5,2743.25,4.5,2578.83333333333
291,3.5,4195.5,2.5,3474,4.14285714285714,3425,4,5876.66666666667,2,5537.42857142857,2.2,6213.4,1.75,3579.125,2.75,3958.5,3.66666666666667,3899.33333333333
294,3.71428571428571,8738.28571428571,3,9397.75,3,3877,3,3901.5,2.8,6763.2,3.375,4630.375,1.66666666666667,16494.6666666667,2.33333333333333,4605.33333333333,3.66666666666667,4800
295,1.875,2687.125,3.5,3185.33333333333,4,6032,1.5,3637.5,3.2,12405.4,4.125,4427.125,3.2,5428.6,3.75,7336.75,2.33333333333333,5455.83333333333
297,1.83333333333333,4243.33333333333,3.25,4465,3.8,3629.4,3.16666666666667,5026.33333333333,2.16666666666667,4374.66666666667,1.66666666666667,4586,1.33333333333333,4813.66666666667,4.4,3575.2,3.71428571428571,3456.14285714286
299,2.33333333333333,3703,3.83333333333333,3080.33333333333,3.33333333333333,2990.5,3.28571428571429,5055.42857142857,2.33333333333333,4380,1.6,2908.4,1.2,3194,2.5,2648,3.5,3945.75
300,2.4,3257,3.33333333333333,3445.83333333333,4.25,3710.5,3.14285714285714,3982.14285714286,4.5,4596.5,2.5,3762.66666666667,1,2984.33333333333,2,3491.57142857143,3.8,2852.4
303,2.22222222222222,7668.22222222222,2.66666666666667,6515.66666666667,4.66666666666667,3417.33333333333,1.5,5305.5,3.125,8429.875,2.6,4325.2,1.25,3282,2,3395.75,3.71428571428571,3100.14285714286
305,5,4317.33333333333,4.22222222222222,4305.11111111111,2.66666666666667,4263.66666666667,2.5,5066.83333333333,2,3037,4,4204.85714285714,2.66666666666667,4254.16666666667,3.75,3135.5,3.2,3739
306,2,8072.66666666667,3.83333333333333,3725.5,4.16666666666667,2806.33333333333,1.8,6978.6,2.6,5764.8,3.4,3339,1.85714285714286,3835.14285714286,3,3835.75,3.75,3116.5
307,1.6,3957.2,5,2495,4.25,3577.75,1,3833.5,3.9,3662.6,2.33333333333333,6031.33333333333,1,4256.125,3,3197.66666666667,3.25,2910.25
309,1.25,2918,2.66666666666667,3237,4.5,2344,2,2195.4,2.75,2559.5,2.5,1830.5,1,1588.83333333333,2.5,2716,3.6,1665
311,3.4,4465.2,2.85714285714286,4355.28571428571,3.66666666666667,7976.66666666667,4,4629,2.25,3137.5,1.77777777777778,4679,2.375,3803.75,3,8445.5,4,2824.33333333333
314,2,5721,3.85714285714286,2857.57142857143,3.66666666666667,2859,3.125,3613, , ,2.85714285714286,3599.42857142857,1.2,3219.6,3.125,3135.875,4,4249.5
316,1,8230.2,1.83333333333333,6900.33333333333,3.5,5428.5,1.5,5933,3.4,5736,4,5550.375,1.375,6052.125,3.5,4092,4,3293
317,2,10037,3.55555555555556,5895.77777777778,4,3372,1.75,4126.5,2,22735.5,3.85714285714286,9194.14285714286,1.25,9616,2,6734.5,3.6,7687.2
318,2,6350.16666666667,2.33333333333333,4507.33333333333,2.66666666666667,3514.66666666667,2.66666666666667,3889,2.42857142857143,5545.28571428571,3.8,3971,1.83333333333333,6210.83333333333,2.5,4044.5,3.28571428571429,5033
319,1,3800,2,6169.8,4.2,4821,2.66666666666667,5870,3,5359.8,2.85714285714286,5258.57142857143,1.57142857142857,4208.42857142857,3.6,8737.4,3.66666666666667,5755
320,1.33333333333333,3961.33333333333,3.5,2362,4.14285714285714,2806.85714285714,1,3595,2.11111111111111,3598.22222222222,3.66666666666667,4451,2.66666666666667,3590.33333333333,3.25,3986.75,3.8,2569.2
321,1.71428571428571,4363.28571428571,3,4377.33333333333,3.4,3713.4,1.2,3736.8,4,3552,5,3307.75,2.66666666666667,3509.33333333333,2.33333333333333,4223.33333333333,3.5,3816.16666666667
322,1.75,6433.5,3,4987.16666666667,3.6,8538.8,2.6,7416,2.2,6767.4,2.4,4583.8,1.16666666666667,4193.66666666667,2.75,4516,3.4,5589.4
323,1.875,4328,3,3271.5,3.2,4789.8,2.2,5584.4,2.5,4020.66666666667,3.75,3572.25,2,2892,3.71428571428571,3184.85714285714,3.33333333333333,3429.16666666667
325,1.6,4250.2,2.6,10691.4,4,4785.4,2.85714285714286,5302,2.75,3938.25,3.5,3987.75,1.33333333333333,4303.66666666667,3.16666666666667,4453.66666666667,4,4390.16666666667
328,2,10883,2.25,18764,3.28571428571429,5765,2,5016.6,2.8,5558.8,3.6,4656.6,2,4439.33333333333,3.33333333333333,2573.5,4.66666666666667,2370
329,2,11599,3,5870,2.66666666666667,13252.3333333333,1.75,11262.75,2.75,10047,4.66666666666667,7529.66666666667,2.2,7588.4,3.25,6911.25,3.16666666666667,5393.66666666667
334,2.4,6986.2,3,25575,3.16666666666667,5989.83333333333,3,7573.75,2.57142857142857,7103.28571428571,2,6002.25,2.16666666666667,4219.5,3,4528.75,2.4,6204.4
339,1.6,4598.8,3.2,3942.8,3.8,2891,2.75,3611,1.66666666666667,3913.66666666667,2.8,4216,1.66666666666667,3607,3.75,3782.5,4,2696.8
343,1,2315.83333333333,3.5,3008.5,4.71428571428571,2618.42857142857,2.5,9305,2.71428571428571,3187.42857142857,3.16666666666667,1864.83333333333,1,2791,1.66666666666667,2262.5,3.5,3676.5
344,1,3509.25,2,5300.5,3.33333333333333,3201.33333333333,2.5,10622.5,2.71428571428571,5461.85714285714,4,6072.5,3,3519.2,3,2741.25,3.33333333333333,2906.66666666667
351,1.75,6554,2.4,5209.2,3.66666666666667,7766,2.8,12388.4,3,7719.5,4,11292,2.5,10451.1666666667,3.33333333333333,8474.66666666667,4.33333333333333,9038
352,2.2,4575.6,3.33333333333333,2915,3.28571428571429,3554.14285714286,2.66666666666667,5050,3,4828.6,2.5,3324,1.75,5643.75,2.85714285714286,4086.57142857143,4.5,2685.75
353,1.83333333333333,6505.16666666667,2.75,6499.5,4.4,5009.8,2.5,5496.5,3.5,3948,3.14285714285714,4222.85714285714,1,3165,2.85714285714286,6049.57142857143,4,3944
354,1.66666666666667,11184.3333333333,3.875,17126.125,3.5,15973.25,3.375,6855,2,6312.5,2.8,6656.6,1.75,4241.75,4.2,5458,4.83333333333333,6245
361,1.4,3953.4,2.42857142857143,4568.28571428571,4,5406.66666666667,2.16666666666667,8456.33333333333,5,3623,3.14285714285714,6104.42857142857,1.25,5158.5,2.66666666666667,3800.66666666667,3.8,4034
369,2,4018.5,2.125,3606.75,3.4,3888,1.71428571428571,3752.57142857143,3.5,2662.5,3.25,3415.5,1.66666666666667,2932,3,2853,4.33333333333333,1977.33333333333
370,1,1692,2.66666666666667,2072.33333333333,3.83333333333333,2494.83333333333,1.4,1564.8,2.75,2422.5,3.66666666666667,1964.33333333333,1.25,2042,3.5,2029.25,4.66666666666667,2756.66666666667
376,2.2,4952,2.5,3606,4.16666666666667,4175,3.66666666666667,38344,3,8421.14285714286,2.6,4691.4,1.14285714285714,10867.2857142857,2,4356.75,3.25,3093.75
380,2.8,4398.6,3.5,3507,2.5,3262.75,3,6119,3.83333333333333,2834.16666666667,2.6,3296.8,1.5,4847.16666666667,3.42857142857143,3980.42857142857,4.5,3616
382,1.2,7196.2,2.71428571428571,4122,3.66666666666667,2916.66666666667,2,5826.66666666667,3,7437.66666666667,3.66666666666667,3727,1.42857142857143,3954,3,3750.2,4.33333333333333,3101
384,1.85714285714286,5506.14285714286,3.66666666666667,4266.33333333333,4.2,3383.4,1,3625,1.28571428571429,3621.57142857143,2.8,3583.2,2.6,4689.6,3.6,2464.4,3.4,3091
386,1.66666666666667,3142.83333333333,3.83333333333333,4017,4.33333333333333,3067.33333333333,3.5,5029.83333333333,4.5,3613,2.8,4146.8,1.66666666666667,3159.66666666667,3.6,3028,4.85714285714286,3394.71428571429
397,2.16666666666667,2237.33333333333,3,2642.2,4,2068.75,4.25,5472.5,3.6,4351,2.66666666666667,4491.83333333333,1.4,3491,3,5076.2,4.2,2592.6
402,1.42857142857143,5112.71428571429,4.33333333333333,3963.66666666667,3.6,7628.6,1.5,5984.5,3.4,3007.6,3.5,3190,1.5,4915.5,2.57142857142857,3967.28571428571,4.33333333333333,3419.5
405,2.75,5785.5,3.4,3811.8,4.66666666666667,2061.83333333333,2.25,2940.5,3.14285714285714,6075,2.75,3812,1.71428571428571,3061.14285714286,2.66666666666667,3272.66666666667,3.4,4150.6
408,2.4,8581.8,3.66666666666667,6075.16666666667,3.75,9108.75,1.75,9449.75,3.6,8361.2,3.5,10243.3333333333,1.16666666666667,5610.66666666667,1.75,5717.25,4,5677
411,1.33333333333333,4917.33333333333,2.14285714285714,2929.14285714286,3.6,2699.4,2,9452.5,2.5,3763.75,3,4441.6,1,2550.83333333333,2,2035.25,2.8,1894.4
413,2.8,11423.4,2.5,8850.33333333333,2.75,7119.75,2.83333333333333,11710.6666666667,2.66666666666667,5176.66666666667,2,10957.6666666667,2.25,4999.5,2.66666666666667,5107.83333333333,3.8,5381.2
432,2.5,4038.5,2.125,2800,3.4,2130.8,3.6,3648.8,2.8,2462,3,2469,1.25,2255.625,2,2774,3.8,2400.4
433,2,3243.4,2.71428571428571,3680.42857142857,4,2825.66666666667,2.4,3992.4,2,3936.5,3.25,3264.625,2.6,4169.8,2,4612.16666666667,3.5,3095
